Restaurante,Estilo,Rating Google,Ticket,"Dato ""Top"" / Premios"
7 Portes,Arroces Históricos,4.2 (16k res.),50-70€,"Fundado en 1836. Famoso por la ""Paella Parellada"". Picasso era cliente."
Botafumeiro,Marisco Gallego,4.4 (7k res.),80-150€,"Institución del marisco. Visitado por presidentes y celebridades (Woody Allen, Beyoncé)."
Cal Pep,Tapas de Mercado,4.4 (1.8k res.),50-70€,Top 50 Best Discovery. Citado mundialmente como la barra de tapas perfecta.
El Xampanyet,Bodega / Tapas,4.7 (5.8k res.),25-35€,Icono del Born. Famoso por sus anchoas y su vino espumoso propio.
Ciudad Condal,Tapas Clásicas,4.6 (18k res.),30-45€,Rey de las reseñas. Probablemente el bar de tapas más popular entre turistas y locales.
Tapeo,Tapas Modernas,4.5 (3k res.),35-50€,Dirigido por Daniel Rueda. Tapas tradicionales con técnica de alta cocina (ej. Costilla con miel).
Mantequerías Pirenaicas,Tortillas / Desayunos,4.4 (1.2k res.),15-25€,Fama Viral: Considerada por muchos la mejor tortilla de patatas de BCN (con cebolla).
La Tortilla Castiza,Tortillas,4.8 (300 res.),15-20€,Especialistas en tortilla estilo madrileño (poco cuajada). Puntuación casi perfecta.
Senyor Vermut,Vermutería,4.5 (1.5k res.),20-30€,Famoso por tener unas de las mejores Bravas de la ciudad (muy picantes).
Bormuth,Tapas / Vermut,4.3 (3.5k res.),20-30€,Ambiente joven en el Born. Ideal para tapeo rápido y vermut artesano.
Rest. Gallego Can Lampazas,Gallego,4.4 (500 res.),40-55€,Pulpo a feira y carnes gallegas. Clásico para comidas de negocios.
Telefèric Restaurant,Pinchos / Tapas,4.4 (2k res.),30-45€,Estilo San Sebastián. Muy popular por su carro de pintxos y presentación visual.
La Bonaigua,Catalana / Brasa,4.2 (1k res.),20-30€,"Cocina casera de barrio, honesta y sin pretensiones. Menú de mediodía potente."
Casa Petra,Mediterránea,4.3 (500 res.),30-40€,"Local acogedor y polivalente, buena relación calidad-precio en zona alta."